"1","1","0101"
"2","1","0109"
"3","1","0121"
"4","1","0122"
"5","1","0123"
"6","1","0124"
"7","1","0125"
"8","1","0126"
"9","1","0127"
"10","1","0128"
"11","1","0131"
"12","1","0132"
"13","1","0139"
"14","1","0141"
"15","1","0142"
"16","1","0151"
"17","1","0152"
"18","1","0153"
"19","1","0159"
"20","2","0231"
"21","2","0232"
"22","2","0233"
"23","2","0234"
"24","2","0235"
"25","2","0239"
"26","2","0242"
"27","2","0243"
"28","3","0302"
"29","3","0309"
"30","3","805"
"31","3","8050"
"32","3","8051"
"33","3","8059"
"34","3","8459"
"35","3","8460"
"36","3","8461"
"37","3","8462"
"38","3","8463"
"39","3","8464"
"40","3","8465"
"41","3","8466"
"42","3","8467"
"43","3","8468"
"44","3","8469"
"45","3","8480"
"46","3","8481"
"47","3","8482"
"48","3","8483"
"49","3","8484"
"50","3","8485"
"51","4","0331"
"52","5","038"
"53","5","0390"
"54","5","0391"
"55","5","0392"
"56","5","0393"
"57","5","0394"
"58","6","0443"
"59","6","0444"
"60","6","0449"
"61","7","0111"
"62","7","0112"
"63","7","0113"
"64","7","0114"
"65","7","0115"
"66","7","0118"
"67","7","0119"
"68","7","0332"
"69","7","0339"
"70","7","0411"
"71","7","0412"
"72","7","0419"
"73","7","0511"
"74","7","0519"
"75","8","0102"
"76","8","0241"
"77","8","0295"
"78","8","0321"
"79","8","0395"
"80","8","0396"
"81","8","0480"
"82","8","0481"
"83","8","0489"
"84","8","0531"
"85","8","0532"
"86","8","0539"
"87","9","0120"
"88","9","0129"
"89","9","016"
"90","9","0201"
"91","9","0202"
"92","9","0203"
"93","9","0204"
"94","9","0205"
"95","9","0206"
"96","9","0207"
"97","9","0211"
"98","9","0212"
"99","9","0213"
"100","9","0214"
"101","9","022"
"102","9","0221"
"103","9","0222"
"104","9","0291"
"105","9","0292"
"106","9","0293"
"107","9","0294"
"108","9","0296"
"109","9","0299"
"110","9","0301"
"111","9","031"
"112","9","0329"
"113","9","034"
"114","9","0351"
"115","9","0352"
"116","9","0353"
"117","9","0359"
"118","9","036"
"119","9","0371"
"120","9","0372"
"121","9","0379"
"122","9","0397"
"123","9","0398"
"124","9","0399"
"125","9","0401"
"126","9","0402"
"127","9","0403"
"128","9","0404"
"129","9","0405"
"130","9","0406"
"131","9","0407"
"132","9","042"
"133","9","043"
"134","9","0441"
"135","9","0442"
"136","9","045"
"137","9","046"
"138","9","0471"
"139","9","0472"
"140","9","0473"
"141","9","0474"
"142","9","0475"
"143","9","0476"
"144","9","0479"
"145","9","0491"
"146","9","0492"
"147","9","0493"
"148","9","0499"
"149","9","050"
"150","9","0521"
"151","9","0522"
"152","9","0523"
"153","9","0524"
"154","9","0525"
"155","9","0529"
"156","9","0581"
"157","9","0589"
"158","9","059"
"159","9","1761"
"160","9","8053"
"161","9","8054"
"162","9","8458"
"163","9","8694"
"164","9","8695"
"165","9","8696"
"166","9","8697"
"167","9","8698"
"168","10","062"
"169","10","0631"
"170","10","0639"
"171","10","064"
"172","10","0650"
"173","10","0651"
"174","10","0652"
"175","10","066"
"176","11","0611"
"177","11","0612"
"178","11","0613"
"179","11","0619"
"180","11","0700"
"181","11","0701"
"182","11","0702"
"183","11","0711"
"184","11","0712"
"185","11","0713"
"186","11","0714"
"187","11","0715"
"188","11","0716"
"189","11","0717"
"190","11","0719"
"191","11","0751"
"192","11","0771"
"193","11","0791"
"194","12","0601"
"195","12","0602"
"196","12","0609"
"197","12","067"
"198","12","0681"
"199","12","0689"
"200","12","0691"
"201","12","0692"
"202","12","0693"
"203","12","0694"
"204","12","0695"
"205","12","0698"
"206","12","0699"
"207","12","0721"
"208","12","0722"
"209","12","0729"
"210","12","073"
"211","12","0741"
"212","12","0742"
"213","12","0743"
"214","12","0744"
"215","12","0745"
"216","12","0749"
"217","12","0752"
"218","12","0753"
"219","12","0754"
"220","12","0759"
"221","12","0761"
"222","12","0762"
"223","12","0763"
"224","12","0764"
"225","12","0765"
"226","12","0768"
"227","12","0769"
"228","12","0772"
"229","12","0779"
"230","12","0780"
"231","12","0781"
"232","12","0782"
"233","12","0783"
"234","12","0784"
"235","12","0792"
"236","12","0793"
"237","12","0794"
"238","12","0795"
"239","12","0798"
"240","12","0799"
"241","13","1160"
"242","13","1161"
"243","13","1162"
"244","13","1163"
"245","13","1164"
"246","13","1169"
"247","14","1251"
"248","14","1252"
"249","14","1253"
"250","14","1254"
"251","14","1255"
"252","14","1259"
"253","14","1261"
"254","14","1262"
"255","14","1263"
"256","14","1264"
"257","14","1265"
"258","14","1266"
"259","14","1267"
"260","14","1269"
"261","14","1271"
"262","14","1272"
"263","14","1273"
"264","14","1274"
"265","14","1279"
"266","15","1311"
"267","15","1319"
"268","15","132"
"269","15","133"
"270","15","1341"
"271","15","1342"
"272","15","1343"
"273","15","1351"
"274","15","1359"
"275","15","1361"
"276","15","1362"
"277","15","1363"
"278","15","1364"
"279","15","1365"
"280","15","1366"
"281","15","1369"
"282","15","1370"
"283","15","1371"
"284","15","1372"
"285","15","138"
"286","15","139"
"287","15","1390"
"288","15","1391"
"289","16","1431"
"290","16","1432"
"291","16","1433"
"292","16","1434"
"293","16","1435"
"294","16","1439"
"295","16","1441"
"296","16","1449"
"297","16","1451"
"298","16","1452"
"299","16","1453"
"300","16","1454"
"301","16","1455"
"302","16","1459"
"303","17","1421"
"304","17","1422"
"305","17","1423"
"306","17","1424"
"307","17","1425"
"308","17","1426"
"309","17","1427"
"310","17","1429"
"311","18","0811"
"312","18","0819"
"313","18","0911"
"314","18","0912"
"315","18","0919"
"316","18","1021"
"317","18","1029"
"318","18","1121"
"319","18","1122"
"320","18","1129"
"321","18","1221"
"322","18","1222"
"323","18","1229"
"324","18","1411"
"325","18","1419"
"326","18","1501"
"327","18","1509"
"328","18","1621"
"329","18","1622"
"330","18","1623"
"331","18","1629"
"332","19","0801"
"333","19","0802"
"334","19","0809"
"335","19","0820"
"336","19","0821"
"337","19","0822"
"338","19","0823"
"339","19","0824"
"340","19","0825"
"341","19","0831"
"342","19","0832"
"343","19","0833"
"344","19","0834"
"345","19","0835"
"346","19","0836"
"347","19","0837"
"348","19","0838"
"349","19","0841"
"350","19","0842"
"351","19","0843"
"352","19","0844"
"353","19","0849"
"354","19","0851"
"355","19","0852"
"356","19","0859"
"357","19","0861"
"358","19","0862"
"359","19","0863"
"360","19","0864"
"361","19","0869"
"362","19","0870"
"363","19","0871"
"364","19","0872"
"365","19","0873"
"366","19","0874"
"367","19","0881"
"368","19","0882"
"369","19","0883"
"370","19","0884"
"371","19","0885"
"372","19","0886"
"373","19","0887"
"374","19","0889"
"375","19","0891"
"376","19","0892"
"377","19","0893"
"378","19","0899"
"379","19","090"
"380","19","0920"
"381","19","0921"
"382","19","0922"
"383","19","0923"
"384","19","093"
"385","19","0941"
"386","19","0942"
"387","19","0943"
"388","19","0944"
"389","19","0949"
"390","19","0951"
"391","19","0952"
"392","19","0953"
"393","19","0959"
"394","19","096"
"395","19","0971"
"396","19","0972"
"397","19","0973"
"398","19","0981"
"399","19","0982"
"400","19","0983"
"401","19","0991"
"402","19","0999"
"403","19","100"
"404","19","101"
"405","19","1031"
"406","19","1032"
"407","19","1033"
"408","19","1041"
"409","19","1042"
"410","19","1043"
"411","19","1044"
"412","19","1049"
"413","19","105"
"414","19","106"
"415","19","1091"
"416","19","1099"
"417","19","110"
"418","19","111"
"419","19","1131"
"420","19","1132"
"421","19","1139"
"422","19","1141"
"423","19","1142"
"424","19","1143"
"425","19","1149"
"426","19","1151"
"427","19","1152"
"428","19","1153"
"429","19","1159"
"430","19","1171"
"431","19","1172"
"432","19","1173"
"433","19","1174"
"434","19","1175"
"435","19","1176"
"436","19","1179"
"437","19","1191"
"438","19","1192"
"439","19","1199"
"440","19","9651"
"441","19","9731"
"442","20","1200"
"443","20","1201"
"444","20","1202"
"445","20","1211"
"446","20","1212"
"447","20","1213"
"448","20","1214"
"449","20","1231"
"450","20","1232"
"451","20","1233"
"452","20","1234"
"453","20","1235"
"454","20","1239"
"455","20","1240"
"456","20","1241"
"457","20","1242"
"458","20","1243"
"459","20","1244"
"460","20","1281"
"461","20","1282"
"462","20","1283"
"463","20","1284"
"464","20","1285"
"465","20","1286"
"466","20","1287"
"467","20","1288"
"468","20","1289"
"469","20","1291"
"470","20","1292"
"471","20","1293"
"472","20","1297"
"473","20","1298"
"474","20","1299"
"475","20","1300"
"476","20","1301"
"477","20","1302"
"478","20","1400"
"479","20","1401"
"480","20","1402"
"481","20","146"
"482","20","1471"
"483","20","1472"
"484","20","1473"
"485","20","1474"
"486","20","1475"
"487","20","1479"
"488","20","1481"
"489","20","1482"
"490","20","1483"
"491","20","149"
"492","21","1511"
"493","21","1512"
"494","21","1513"
"495","21","1519"
"496","21","1521"
"497","21","1522"
"498","21","1529"
"499","21","153"
"500","21","154"
"501","21","155"
"502","21","156"
"503","21","157"
"504","21","159"
"505","21","1601"
"506","21","1602"
"507","21","1609"
"508","21","161"
"509","21","1631"
"510","21","1639"
"511","21","1641"
"512","21","1642"
"513","21","1649"
"514","21","1651"
"515","21","1652"
"516","21","1659"
"517","21","1661"
"518","21","1662"
"519","21","1663"
"520","21","1664"
"521","21","1665"
"522","21","1666"
"523","21","1669"
"524","21","1671"
"525","21","1672"
"526","21","1681"
"527","21","1682"
"528","21","1689"
"529","21","1691"
"530","21","1692"
"531","21","1693"
"532","21","1698"
"533","21","1699"
"534","22","194"
"535","22","1952"
"536","22","1953"
"537","22","1954"
"538","22","1955"
"539","22","196"
"540","23","2001"
"541","23","2009"
"542","24","2041"
"543","24","2042"
"544","24","2049"
"545","25","1811"
"546","25","1812"
"547","25","1819"
"548","25","2031"
"549","25","2032"
"550","25","2039"
"551","26","1801"
"552","26","1802"
"553","26","1809"
"554","26","1821"
"555","26","1829"
"556","26","1831"
"557","26","1839"
"558","26","184"
"559","26","185"
"560","26","186"
"561","26","1871"
"562","26","1872"
"563","26","1879"
"564","26","189"
"565","26","190"
"566","26","1911"
"567","26","1919"
"568","26","1921"
"569","26","1929"
"570","26","193"
"571","26","199"
"572","26","201"
"573","26","2021"
"574","26","2022"
"575","26","2023"
"576","26","2051"
"577","26","2059"
"578","26","2061"
"579","26","2062"
"580","26","2071"
"581","26","2072"
"582","26","2079"
"583","26","208"
"584","26","2091"
"585","26","2092"
"586","26","2093"
"587","26","2094"
"588","26","2095"
"589","26","2096"
"590","26","2097"
"591","26","2098"
"592","26","2099"
"593","26","9611"
"594","26","9652"
"595","27","2100"
"596","27","2101"
"597","27","2102"
"598","27","2103"
"599","27","2104"
"600","27","2105"
"601","27","2106"
"602","27","2107"
"603","27","2109"
"604","28","215"
"605","28","2181"
"606","28","2182"
"607","28","2183"
"608","28","2184"
"609","28","2185"
"610","28","2186"
"611","28","2187"
"612","28","2188"
"613","28","2189"
"614","29","2301"
"615","29","2309"
"616","29","2311"
"617","29","2319"
"618","29","232"
"619","29","233"
"620","29","2341"
"621","29","2342"
"622","29","2343"
"623","29","2349"
"624","29","235"
"625","29","236"
"626","29","2370"
"627","29","2371"
"628","29","2372"
"629","29","2373"
"630","29","244"
"631","29","245"
"632","29","246"
"633","29","247"
"634","29","248"
"635","29","2491"
"636","29","2499"
"637","29","9654"
"638","29","9722"
"639","29","9733"
"640","29","9734"
"641","29","9735"
"642","29","9997"
"643","30","282"
"644","30","283"
"645","30","286"
"646","30","287"
"647","31","2121"
"648","31","2122"
"649","31","2129"
"650","31","2211"
"651","31","2212"
"652","31","2219"
"653","31","2411"
"654","31","2412"
"655","31","2419"
"656","31","2501"
"657","31","2502"
"658","31","2509"
"659","31","2611"
"660","31","2612"
"661","31","2619"
"662","31","2721"
"663","31","2722"
"664","31","2723"
"665","31","2724"
"666","31","2729"
"667","31","2811"
"668","31","2819"
"669","31","2911"
"670","31","2912"
"671","31","2919"
"672","32","211"
"673","32","2130"
"674","32","2131"
"675","32","2132"
"676","32","2171"
"677","32","2191"
"678","32","2200"
"679","32","2201"
"680","32","2202"
"681","32","222"
"682","32","240"
"683","32","2431"
"684","32","2432"
"685","32","2439"
"686","32","2551"
"687","32","2591"
"688","32","2592"
"689","32","2593"
"690","32","260"
"691","32","2691"
"692","32","2741"
"693","32","2751"
"694","32","2752"
"695","32","2791"
"696","32","2991"
"697","32","9621"
"698","32","9653"
"699","32","9721"
"700","32","9732"
"701","33","214"
"702","33","2161"
"703","33","2162"
"704","33","2169"
"705","33","2172"
"706","33","2199"
"707","33","2231"
"708","33","2239"
"709","33","2241"
"710","33","2242"
"711","33","2250"
"712","33","2251"
"713","33","2252"
"714","33","2253"
"715","33","2260"
"716","33","2261"
"717","33","2262"
"718","33","2263"
"719","33","2264"
"720","33","2271"
"721","33","2279"
"722","33","229"
"723","33","242"
"724","33","251"
"725","33","252"
"726","33","253"
"727","33","254"
"728","33","2559"
"729","33","2594"
"730","33","2599"
"731","33","2621"
"732","33","2629"
"733","33","2630"
"734","33","2631"
"735","33","2632"
"736","33","2641"
"737","33","2642"
"738","33","2649"
"739","33","2699"
"740","33","270"
"741","33","271"
"742","33","2731"
"743","33","2732"
"744","33","2742"
"745","33","2743"
"746","33","2749"
"747","33","2753"
"748","33","2754"
"749","33","2755"
"750","33","2756"
"751","33","2757"
"752","33","2759"
"753","33","2761"
"754","33","2762"
"755","33","2763"
"756","33","2764"
"757","33","2769"
"758","33","2771"
"759","33","2772"
"760","33","2773"
"761","33","2779"
"762","33","2792"
"763","33","2799"
"764","33","280"
"765","33","284"
"766","33","285"
"767","33","2891"
"768","33","2892"
"769","33","2899"
"770","33","290"
"771","33","292"
"772","33","293"
"773","33","2931"
"774","33","2932"
"775","33","2933"
"776","33","2939"
"777","33","294"
"778","33","2951"
"779","33","2952"
"780","33","2953"
"781","33","2954"
"782","33","2959"
"783","33","2992"
"784","33","2999"
"785","34","311"
"786","34","3121"
"787","34","3129"
"788","35","3142"
"789","35","3143"
"790","35","3144"
"791","36","3220"
"792","36","3221"
"793","36","3222"
"794","36","3223"
"795","36","3224"
"796","36","3225"
"797","36","3226"
"798","36","3227"
"799","36","3229"
"800","36","323"
"801","36","3230"
"802","36","3239"
"803","36","324"
"804","36","3241"
"805","36","3249"
"806","36","325"
"807","36","3250"
"808","36","3259"
"809","37","3322"
"810","37","3323"
"811","37","3324"
"812","37","3326"
"813","37","3327"
"814","37","3372"
"815","38","3320"
"816","38","3325"
"817","38","3328"
"818","38","3329"
"819","38","3402"
"820","39","3404"
"821","39","3406"
"822","39","3409"
"823","39","3491"
"824","40","3141"
"825","40","3145"
"826","40","3148"
"827","40","3149"
"828","40","3321"
"829","40","3420"
"830","40","3421"
"831","40","3422"
"832","40","3423"
"833","40","3424"
"834","40","3425"
"835","40","3426"
"836","40","3427"
"837","40","3428"
"838","40","3429"
"839","40","40"
"840","41","310"
"841","41","3193"
"842","41","3194"
"843","41","3195"
"844","41","3201"
"845","41","3228"
"846","41","3331"
"847","41","3332"
"848","41","3333"
"849","41","3371"
"850","41","3373"
"851","41","3378"
"852","41","3379"
"853","41","3391"
"854","41","3471"
"855","41","3472"
"856","41","3492"
"857","41","9655"
"858","41","9656"
"859","41","9723"
"860","41","9737"
"861","41","9741"
"862","41","9742"
"863","41","9743"
"864","41","9749"
"865","42","3001"
"866","42","3009"
"867","42","301"
"868","42","3021"
"869","42","3022"
"870","42","3029"
"871","42","303"
"872","42","304"
"873","42","313"
"874","42","315"
"875","42","3161"
"876","42","3162"
"877","42","3163"
"878","42","3164"
"879","42","3169"
"880","42","3171"
"881","42","3172"
"882","42","3173"
"883","42","3174"
"884","42","3175"
"885","42","3179"
"886","42","3191"
"887","42","3192"
"888","42","3198"
"889","42","3199"
"890","42","320"
"891","42","3209"
"892","42","321"
"893","42","326"
"894","42","329"
"895","42","330"
"896","42","331"
"897","42","3334"
"898","42","3339"
"899","42","3341"
"900","42","3342"
"901","42","3343"
"902","42","3348"
"903","42","3349"
"904","42","3392"
"905","42","3393"
"906","42","3398"
"907","42","3399"
"908","42","3401"
"909","42","3403"
"910","42","3405"
"911","42","341"
"912","42","343"
"913","42","344"
"914","42","3451"
"915","42","3452"
"916","42","3459"
"917","42","346"
"918","42","3473"
"919","42","3474"
"920","42","3479"
"921","42","3481"
"922","42","3482"
"923","42","3483"
"924","42","3484"
"925","42","3485"
"926","42","3489"
"927","42","3493"
"928","42","3499"
"929","43","3500"
"930","43","3501"
"931","43","3502"
"932","43","3503"
"933","43","3504"
"934","43","3505"
"935","43","3506"
"936","43","3507"
"937","43","3508"
"938","43","3509"
"939","43","3510"
"940","43","3511"
"941","43","3512"
"942","43","3513"
"943","43","3514"
"944","43","3520"
"945","43","3521"
"946","43","3522"
"947","43","3523"
"948","43","3524"
"949","43","3525"
"950","43","3526"
"951","43","3527"
"952","43","3528"
"953","43","3596"
"954","43","3597"
"955","43","3599"
"956","44","3610"
"957","44","3611"
"958","44","3612"
"959","44","3613"
"960","44","3614"
"961","44","3615"
"962","44","3616"
"963","44","3617"
"964","44","3619"
"965","44","362"
"966","44","363"
"967","44","3631"
"968","44","3632"
"969","44","3633"
"970","44","3634"
"971","44","3639"
"972","45","0066"
"973","45","1755"
"974","45","3601"
"975","45","3602"
"976","45","3605"
"977","46","3604"
"978","47","3721"
"979","47","3722"
"980","47","3723"
"981","47","8852"
"982","47","8853"
"983","47","8854"
"984","47","8855"
"985","47","8856"
"986","47","8857"
"987","48","0050"
"988","48","0051"
"989","48","0052"
"990","48","0053"
"991","48","0054"
"992","48","0056"
"993","48","0057"
"994","48","1751"
"995","48","1752"
"996","48","3770"
"997","48","3771"
"998","48","3772"
"999","48","3773"
"1000","48","3774"
"1001","48","3775"
"1002","48","3776"
"1003","48","3777"
"1004","48","3778"
"1005","48","3779"
"1006","48","3780"
"1007","48","3781"
"1008","48","3782"
"1009","48","3783"
"1010","48","3785"
"1011","48","3786"
"1012","48","3787"
"1013","48","3789"
"1014","48","3794"
"1015","48","3795"
"1016","48","3796"
"1017","48","3797"
"1018","48","3798"
"1019","49","3531"
"1020","49","3532"
"1021","49","3533"
"1022","49","3534"
"1023","49","3535"
"1024","49","3539"
"1025","49","3541"
"1026","49","3542"
"1027","49","3550"
"1028","49","3551"
"1029","49","3552"
"1030","49","3553"
"1031","49","3554"
"1032","49","3555"
"1033","49","3560"
"1034","49","3561"
"1035","49","3562"
"1036","49","3563"
"1037","49","3570"
"1038","49","3571"
"1039","49","3572"
"1040","49","3573"
"1041","49","3581"
"1042","49","3582"
"1043","49","3583"
"1044","49","3584"
"1045","49","3591"
"1046","49","3592"
"1047","49","3593"
"1048","49","3594"
"1049","49","3595"
"1050","49","3598"
"1051","49","3600"
"1052","49","3603"
"1053","49","3609"
"1054","49","3691"
"1055","49","3699"
"1056","49","3710"
"1057","49","3711"
"1058","49","3712"
"1059","49","3731"
"1060","49","3732"
"1061","49","3733"
"1062","49","3734"
"1063","49","3735"
"1064","49","3736"
"1065","49","3737"
"1066","49","374"
"1067","49","3741"
"1068","49","3749"
"1069","49","3752"
"1070","49","3753"
"1071","49","3754"
"1072","49","3755"
"1073","49","3760"
"1074","49","3761"
"1075","49","3762"
"1076","49","3763"
"1077","49","3764"
"1078","49","3765"
"1079","49","3766"
"1080","49","3767"
"1081","49","3768"
"1082","49","3790"
"1083","49","3791"
"1084","49","3799"
"1085","50","3961"
"1086","50","3962"
"1087","50","3963"
"1088","50","3964"
"1089","50","3965"
"1090","50","3966"
"1091","51","3811"
"1092","51","3812"
"1093","52","3834"
"1094","52","3844"
"1095","52","3864"
"1096","52","3971"
"1097","52","3973"
"1098","52","3978"
"1099","53","3859"
"1100","54","3891"
"1101","54","3892"
"1102","54","3893"
"1103","54","3897"
"1104","55","3925"
"1105","55","3929"
"1106","56","390"
"1107","56","391"
"1108","56","3921"
"1109","56","3922"
"1110","56","3923"
"1111","56","3924"
"1112","56","3926"
"1113","56","3928"
"1114","57","3927"
"1115","57","3942"
"1116","57","3943"
"1117","57","3993"
"1118","58","3995"
"1119","59","0061"
"1120","59","0062"
"1121","59","0063"
"1122","59","0064"
"1123","59","0065"
"1124","59","1753"
"1125","59","1754"
"1126","59","3801"
"1127","59","3802"
"1128","59","3831"
"1129","59","3832"
"1130","59","3841"
"1131","59","3842"
"1132","59","3851"
"1133","59","3852"
"1134","59","3861"
"1135","59","3862"
"1136","59","3881"
"1137","59","3882"
"1138","59","3972"
"1139","59","3974"
"1140","59","3975"
"1141","59","3976"
"1142","59","3981"
"1143","59","3982"
"1144","59","3983"
"1145","59","3984"
"1146","59","3985"
"1147","59","3986"
"1148","59","3987"
"1149","59","3988"
"1150","59","3989"
"1151","60","3808"
"1152","60","3818"
"1153","61","0040"
"1154","61","0041"
"1155","61","0042"
"1156","61","0043"
"1157","61","0044"
"1158","61","0045"
"1159","61","0046"
"1160","61","0047"
"1161","61","0048"
"1162","61","0055"
"1163","61","1756"
"1164","61","1771"
"1165","61","3800"
"1166","61","3803"
"1167","61","3804"
"1168","61","3805"
"1169","61","3806"
"1170","61","3807"
"1171","61","3809"
"1172","61","3810"
"1173","61","3813"
"1174","61","3814"
"1175","61","3815"
"1176","61","3816"
"1177","61","3830"
"1178","61","3833"
"1179","61","3835"
"1180","61","3836"
"1181","61","3837"
"1182","61","3838"
"1183","61","3839"
"1184","61","3840"
"1185","61","3843"
"1186","61","3845"
"1187","61","3846"
"1188","61","3847"
"1189","61","3848"
"1190","61","3849"
"1191","61","3850"
"1192","61","3853"
"1193","61","3855"
"1194","61","3857"
"1195","61","3860"
"1196","61","3863"
"1197","61","3865"
"1198","61","3866"
"1199","61","3867"
"1200","61","3868"
"1201","61","3869"
"1202","61","387"
"1203","61","3880"
"1204","61","3883"
"1205","61","3884"
"1206","61","3885"
"1207","61","3886"
"1208","61","3887"
"1209","61","3888"
"1210","61","3889"
"1211","61","3930"
"1212","61","3931"
"1213","61","3932"
"1214","61","3941"
"1215","61","3949"
"1216","61","3950"
"1217","61","3951"
"1218","61","3952"
"1219","61","3953"
"1220","61","3954"
"1221","61","3955"
"1222","61","3956"
"1223","61","3957"
"1224","61","3958"
"1225","61","3959"
"1226","61","397"
"1227","61","3977"
"1228","61","3979"
"1229","61","398"
"1230","61","3990"
"1231","61","3991"
"1232","61","3992"
"1233","61","3994"
"1234","61","3998"
"1235","61","3999"
"1236","61","6824"
"1237","61","6825"
"1238","62","3720"
"1239","62","3724"
"1240","62","3725"
"1241","62","3726"
"1242","62","3727"
"1243","62","3728"
"1244","62","3729"
"1245","62","3821"
"1246","62","3822"
"1247","62","3826"
"1248","62","3829"
"1249","63","0049"
"1250","63","0060"
"1251","63","3606"
"1252","63","3607"
"1253","63","370"
"1254","63","3792"
"1255","63","3793"
"1256","63","3894"
"1257","63","3895"
"1258","63","3996"
"1259","63","3997"
"1260","63","9744"
"1261","64","410"
"1262","64","4100"
"1263","64","4101"
"1264","64","4102"
"1265","64","4103"
"1266","64","4104"
"1267","64","4105"
"1268","64","4106"
"1269","64","4107"
"1270","64","4108"
"1271","64","4109"
"1272","65","4131"
"1273","66","411"
"1274","66","412"
"1275","66","4141"
"1276","66","4142"
"1277","66","4143"
"1278","66","415"
"1279","66","4193"
"1280","66","4195"
"1281","66","4199"
"1282","67","400"
"1283","67","4011"
"1284","67","4019"
"1285","67","4021"
"1286","67","4022"
"1287","67","4023"
"1288","67","4024"
"1289","67","4029"
"1290","67","403"
"1291","67","4040"
"1292","67","4041"
"1293","67","4042"
"1294","67","4050"
"1295","67","4051"
"1296","67","4052"
"1297","67","4053"
"1298","67","4054"
"1299","67","4059"
"1300","67","4061"
"1301","67","4062"
"1302","67","4063"
"1303","67","4064"
"1304","67","4069"
"1305","67","409"
"1306","67","4132"
"1307","67","4133"
"1308","67","4138"
"1309","67","4139"
"1310","67","4191"
"1311","67","4192"
"1312","67","4198"
"1313","68","4291"
"1314","69","4292"
"1315","70","4223"
"1316","70","4224"
"1317","70","4413"
"1318","70","4414"
"1319","70","4513"
"1320","70","4514"
"1321","70","4516"
"1322","71","431"
"1323","71","4311"
"1324","71","4319"
"1325","71","432"
"1326","71","4432"
"1327","72","4610"
"1328","72","4611"
"1329","72","4612"
"1330","72","4613"
"1331","72","4614"
"1332","73","4620"
"1333","73","4621"
"1334","73","4622"
"1335","73","4623"
"1336","73","4624"
"1337","73","4631"
"1338","73","4632"
"1339","73","4639"
"1340","74","435"
"1341","74","436"
"1342","74","437"
"1343","74","4381"
"1344","74","4382"
"1345","74","4389"
"1346","74","4391"
"1347","74","4399"
"1348","75","4561"
"1349","75","4562"
"1350","75","4563"
"1351","76","4523"
"1352","76","4524"
"1353","76","4525"
"1354","77","4823"
"1355","77","4824"
"1356","77","4826"
"1357","77","4921"
"1358","77","4922"
"1359","77","4923"
"1360","78","1731"
"1361","78","1732"
"1362","78","1733"
"1363","78","1734"
"1364","78","1735"
"1365","78","1736"
"1366","78","1739"
"1367","78","4571"
"1368","78","4572"
"1369","78","4573"
"1370","78","4574"
"1371","78","4575"
"1372","78","4576"
"1373","78","4579"
"1374","78","458"
"1375","78","4581"
"1376","78","4582"
"1377","78","4583"
"1378","78","4840"
"1379","78","4841"
"1380","78","4842"
"1381","78","4843"
"1382","78","4849"
"1383","78","485"
"1384","78","4850"
"1385","78","4851"
"1386","78","4852"
"1387","78","4859"
"1388","78","4861"
"1389","78","4862"
"1390","78","4863"
"1391","78","4864"
"1392","78","4865"
"1393","78","4866"
"1394","78","4869"
"1395","79","4541"
"1396","80","470"
"1397","80","4701"
"1398","80","4709"
"1399","80","471"
"1400","80","4711"
"1401","80","4719"
"1402","81","4941"
"1403","81","4942"
"1404","81","4943"
"1405","81","4944"
"1406","81","4945"
"1407","81","4946"
"1408","81","4947"
"1409","81","4949"
"1410","82","5110"
"1411","82","5111"
"1412","82","5197"
"1413","82","5213"
"1414","82","5291"
"1415","83","5011"
"1416","83","5012"
"1417","83","5013"
"1418","84","5121"
"1419","84","5122"
"1420","84","5123"
"1421","84","5124"
"1422","84","5141"
"1423","84","5142"
"1424","84","5143"
"1425","84","5149"
"1426","84","5151"
"1427","84","5159"
"1428","85","1711"
"1429","85","1712"
"1430","85","1713"
"1431","85","1721"
"1432","85","1722"
"1433","85","1723"
"1434","85","1724"
"1435","85","5300"
"1436","85","5301"
"1437","85","5302"
"1438","85","5303"
"1439","85","5304"
"1440","85","5305"
"1441","85","5310"
"1442","85","5311"
"1443","85","5312"
"1444","85","5313"
"1445","85","5314"
"1446","85","5315"
"1447","85","5316"
"1448","85","5317"
"1449","85","5321"
"1450","85","5329"
"1451","85","5331"
"1452","85","5339"
"1453","86","5341"
"1454","86","5342"
"1455","86","5343"
"1456","86","5349"
"1457","86","5351"
"1458","86","5359"
"1459","86","5361"
"1460","86","5362"
"1461","86","5363"
"1462","86","5369"
"1463","86","537"
"1464","86","5371"
"1465","86","5372"
"1466","86","5375"
"1467","86","5380"
"1468","86","5381"
"1469","86","5382"
"1470","86","5383"
"1471","86","5384"
"1472","86","539"
"1473","87","5421"
"1474","88","5491"
"1475","89","5411"
"1476","90","545"
"1477","90","5451"
"1478","90","5459"
"1479","91","5498"
"1480","92","4411"
"1481","92","4412"
"1482","92","4415"
"1483","92","4419"
"1484","92","4511"
"1485","92","4512"
"1486","92","4515"
"1487","92","4519"
"1488","92","4521"
"1489","92","4522"
"1490","92","4526"
"1491","92","4527"
"1492","92","4528"
"1493","92","4529"
"1494","92","4821"
"1495","92","4822"
"1496","92","4825"
"1497","92","4829"
"1498","92","4929"
"1499","93","4233"
"1500","93","4281"
"1501","93","4341"
"1502","93","4422"
"1503","93","4443"
"1504","93","4444"
"1505","93","4449"
"1506","93","4462"
"1507","93","4493"
"1508","93","4494"
"1509","93","9606"
"1510","93","9631"
"1511","93","9632"
"1512","93","9633"
"1513","93","9634"
"1514","93","9635"
"1515","93","9701"
"1516","93","9702"
"1517","93","9751"
"1518","94","4201"
"1519","94","4209"
"1520","94","4210"
"1521","94","4211"
"1522","94","4212"
"1523","94","4219"
"1524","94","4231"
"1525","94","4232"
"1526","94","4239"
"1527","94","4240"
"1528","94","4241"
"1529","94","4242"
"1530","94","4251"
"1531","94","4252"
"1532","94","4253"
"1533","94","4254"
"1534","94","4255"
"1535","94","4256"
"1536","94","4258"
"1537","94","4259"
"1538","94","4261"
"1539","94","4262"
"1540","94","4263"
"1541","94","4264"
"1542","94","4265"
"1543","94","4266"
"1544","94","4268"
"1545","94","4269"
"1546","94","427"
"1547","94","4282"
"1548","94","4283"
"1549","94","4284"
"1550","94","4285"
"1551","94","4286"
"1552","94","4287"
"1553","94","4289"
"1554","94","4299"
"1555","94","430"
"1556","94","433"
"1557","94","4342"
"1558","94","4349"
"1559","94","4400"
"1560","94","4401"
"1561","94","4402"
"1562","94","4403"
"1563","94","442"
"1564","94","4421"
"1565","94","4429"
"1566","94","4431"
"1567","94","4438"
"1568","94","4439"
"1569","94","4440"
"1570","94","4441"
"1571","94","4442"
"1572","94","445"
"1573","94","4461"
"1574","94","4463"
"1575","94","4464"
"1576","94","4465"
"1577","94","4466"
"1578","94","4467"
"1579","94","4468"
"1580","94","4469"
"1581","94","4491"
"1582","94","4492"
"1583","94","4495"
"1584","94","4496"
"1585","94","4497"
"1586","94","4498"
"1587","94","4499"
"1588","95","4530"
"1589","95","4542"
"1590","95","4543"
"1591","95","4685"
"1592","95","4686"
"1593","95","4687"
"1594","95","4695"
"1595","95","4696"
"1596","95","4831"
"1597","95","4832"
"1598","95","4833"
"1599","95","4834"
"1600","95","4836"
"1601","95","4903"
"1602","95","4931"
"1603","95","9609"
"1604","95","9619"
"1605","95","9622"
"1606","95","9623"
"1607","95","9626"
"1608","95","9629"
"1609","95","9637"
"1610","95","9638"
"1611","95","9639"
"1612","95","9703"
"1613","95","9704"
"1614","95","9752"
"1615","95","9753"
"1616","95","9993"
"1617","96","4500"
"1618","96","4501"
"1619","96","4502"
"1620","96","4503"
"1621","96","4531"
"1622","96","4532"
"1623","96","4533"
"1624","96","4534"
"1625","96","4549"
"1626","96","4550"
"1627","96","4551"
"1628","96","4552"
"1629","96","4590"
"1630","96","4591"
"1631","96","4592"
"1632","96","4593"
"1633","96","4594"
"1634","96","4595"
"1635","96","4601"
"1636","96","4602"
"1637","96","4603"
"1638","96","4604"
"1639","96","4640"
"1640","96","4641"
"1641","96","4642"
"1642","96","4643"
"1643","96","4650"
"1644","96","4651"
"1645","96","4652"
"1646","96","4660"
"1647","96","4661"
"1648","96","4662"
"1649","96","4663"
"1650","96","4664"
"1651","96","4671"
"1652","96","4672"
"1653","96","4673"
"1654","96","4674"
"1655","96","4675"
"1656","96","4676"
"1657","96","4679"
"1658","96","4680"
"1659","96","4681"
"1660","96","4682"
"1661","96","4691"
"1662","96","4692"
"1663","96","4693"
"1664","96","4694"
"1665","96","4699"
"1666","96","472"
"1667","96","4791"
"1668","96","4792"
"1669","96","4799"
"1670","96","480"
"1671","96","481"
"1672","96","4835"
"1673","96","4871"
"1674","96","4872"
"1675","96","4873"
"1676","96","4874"
"1677","96","4875"
"1678","96","4876"
"1679","96","4879"
"1680","96","4881"
"1681","96","4882"
"1682","96","4891"
"1683","96","4892"
"1684","96","4893"
"1685","96","4899"
"1686","96","4901"
"1687","96","4902"
"1688","96","4904"
"1689","96","4911"
"1690","96","4912"
"1691","96","493"
"1692","96","4939"
"1693","96","4951"
"1694","96","4952"
"1695","96","4959"
"1696","96","496"
"1697","96","4971"
"1698","96","4972"
"1699","96","4973"
"1700","96","4974"
"1701","96","4975"
"1702","96","4976"
"1703","96","4979"
"1704","96","4991"
"1705","96","4992"
"1706","96","4993"
"1707","96","4994"
"1708","96","4995"
"1709","96","4999"
"1710","97","4221"
"1711","97","4222"
"1712","97","4225"
"1713","97","4229"
"1714","97","5014"
"1715","97","5019"
"1716","97","5112"
"1717","97","5113"
"1718","97","5114"
"1719","97","5115"
"1720","97","5119"
"1721","97","5211"
"1722","97","5212"
"1723","97","5214"
"1724","97","5219"
"1725","97","5422"
"1726","97","5423"
"1727","97","5424"
"1728","97","5425"
"1729","97","5429"
"1730","98","5091"
"1731","98","5092"
"1732","98","5093"
"1733","98","5094"
"1734","98","5099"
"1735","98","5101"
"1736","98","5164"
"1737","98","5184"
"1738","98","5185"
"1739","98","5186"
"1740","98","5187"
"1741","98","5188"
"1742","98","5196"
"1743","98","5198"
"1744","98","5221"
"1745","98","5293"
"1746","98","5294"
"1747","98","5297"
"1748","98","5298"
"1749","98","5496"
"1750","98","5497"
"1751","98","5499"
"1752","98","9608"
"1753","98","9624"
"1754","98","9627"
"1755","98","9628"
"1756","98","9636"
"1757","98","9641"
"1758","98","9642"
"1759","98","9643"
"1760","98","9705"
"1761","98","9754"
"1762","98","9755"
"1763","98","9756"
"1764","98","9759"
"1765","98","9782"
"1766","98","9786"
"1767","99","1763"
"1768","99","500"
"1769","99","5021"
"1770","99","5022"
"1771","99","5023"
"1772","99","5024"
"1773","99","5025"
"1774","99","5026"
"1775","99","5029"
"1776","99","503"
"1777","99","504"
"1778","99","5061"
"1779","99","5069"
"1780","99","5102"
"1781","99","5103"
"1782","99","5104"
"1783","99","5131"
"1784","99","5132"
"1785","99","5133"
"1786","99","5134"
"1787","99","5135"
"1788","99","5136"
"1789","99","5137"
"1790","99","5139"
"1791","99","5161"
"1792","99","5162"
"1793","99","5163"
"1794","99","5169"
"1795","99","5171"
"1796","99","5172"
"1797","99","5179"
"1798","99","5181"
"1799","99","5182"
"1800","99","5183"
"1801","99","5189"
"1802","99","5191"
"1803","99","5192"
"1804","99","5193"
"1805","99","5194"
"1806","99","5195"
"1807","99","5199"
"1808","99","5201"
"1809","99","5209"
"1810","99","522"
"1811","99","5222"
"1812","99","523"
"1813","99","524"
"1814","99","5251"
"1815","99","5252"
"1816","99","5253"
"1817","99","5259"
"1818","99","526"
"1819","99","527"
"1820","99","5292"
"1821","99","5295"
"1822","99","5296"
"1823","99","5299"
"1824","99","540"
"1825","99","5412"
"1826","99","5419"
"1827","99","543"
"1828","99","544"
"1829","99","5461"
"1830","99","5462"
"1831","99","5463"
"1832","99","5464"
"1833","99","5471"
"1834","99","5472"
"1835","99","5473"
"1836","99","5474"
"1837","99","5475"
"1838","99","5492"
"1839","99","5493"
"1840","99","5494"
"1841","99","5495"
"1842","100","5521"
"1843","100","5522"
"1844","100","5631"
"1845","100","5633"
"1846","100","5732"
"1847","100","5733"
"1848","100","5822"
"1849","100","5823"
"1850","101","560"
"1851","101","570"
"1852","101","5741"
"1853","101","5749"
"1854","102","598"
"1855","103","5501"
"1856","103","5502"
"1857","103","5503"
"1858","103","5504"
"1859","103","5511"
"1860","103","5512"
"1861","104","554"
"1862","104","5551"
"1863","104","5552"
"1864","104","5553"
"1865","104","5554"
"1866","105","5561"
"1867","105","5569"
"1868","106","593"
"1869","106","594"
"1870","106","595"
"1871","106","596"
"1872","106","5971"
"1873","106","5972"
"1874","106","5979"
"1875","107","5995"
"1876","107","5996"
"1877","107","9851"
"1878","108","5794"
"1879","109","580"
"1880","109","581"
"1881","109","583"
"1882","109","5831"
"1883","109","5839"
"1884","109","5841"
"1885","109","5842"
"1886","109","5843"
"1887","109","5844"
"1888","109","5845"
"1889","109","5846"
"1890","109","5847"
"1891","109","5849"
"1892","109","585"
"1893","109","586"
"1894","109","5891"
"1895","109","5892"
"1896","109","5893"
"1897","109","5899"
"1898","110","5523"
"1899","110","5524"
"1900","110","5529"
"1901","110","5632"
"1902","110","5634"
"1903","110","5635"
"1904","110","5639"
"1905","110","5731"
"1906","110","5734"
"1907","110","5739"
"1908","110","5821"
"1909","110","5824"
"1910","110","5829"
"1911","110","5921"
"1912","110","5929110"
"1913","111","5592"
"1914","111","5593"
"1915","111","5594"
"1916","111","5595"
"1917","111","5596"
"1918","111","5691"
"1919","111","5711"
"1920","111","5717"
"1921","111","5792"
"1922","111","5795"
"1923","111","5993"
"1924","111","5994"
"1925","111","5999"
"1926","111","9625"
"1927","111","9645"
"1928","111","9646"
"1929","111","9647"
"1930","111","9648"
"1931","111","9649"
"1932","111","9761"
"1933","111","9762"
"1934","111","9763"
"1935","111","9764"
"1936","111","9765"
"1937","111","9769"
"1938","112","5531"
"1939","112","5532"
"1940","112","5533"
"1941","112","5534"
"1942","112","5535"
"1943","112","5539"
"1944","112","557"
"1945","112","5581"
"1946","112","5582"
"1947","112","5583"
"1948","112","5584"
"1949","112","5585"
"1950","112","5586"
"1951","112","5587"
"1952","112","5589"
"1953","112","5591"
"1954","112","5597"
"1955","112","5598"
"1956","112","5599"
"1957","112","561"
"1958","112","562"
"1959","112","5640"
"1960","112","5641"
"1961","112","5642"
"1962","112","5651"
"1963","112","5652"
"1964","112","5661"
"1965","112","5662"
"1966","112","5671"
"1967","112","5672"
"1968","112","5673"
"1969","112","5674"
"1970","112","5675"
"1971","112","5679"
"1972","112","5681"
"1973","112","5682"
"1974","112","5683"
"1975","112","5684"
"1976","112","5685"
"1977","112","5686"
"1978","112","5689"
"1979","112","5692"
"1980","112","5693"
"1981","112","5694"
"1982","112","5695"
"1983","112","5699"
"1984","112","5712"
"1985","112","5718"
"1986","112","5719"
"1987","112","5721"
"1988","112","5722"
"1989","112","5751"
"1990","112","5759"
"1991","112","576"
"1992","112","5771"
"1993","112","5779"
"1994","112","5781"
"1995","112","5782"
"1996","112","5783"
"1997","112","5784"
"1998","112","5785"
"1999","112","5786"
"2000","112","5787"
"2001","112","5788"
"2002","112","5789"
"2003","112","5791"
"2004","112","5793"
"2005","112","5796"
"2006","112","5797"
"2007","112","5798"
"2008","112","5799"
"2009","112","5900"
"2010","112","5901"
"2011","112","5902"
"2012","112","5903"
"2013","112","5909"
"2014","112","5911"
"2015","112","5912"
"2016","112","5919"
"2017","112","5991"
"2018","112","5992"
"2019","113","602"
"2020","113","6021"
"2021","113","6029"
"2022","113","6096"
"2023","113","6097"
"2024","114","603"
"2025","114","604"
"2026","114","605"
"2027","114","6061"
"2028","114","6062"
"2029","114","6069"
"2030","115","640"
"2031","116","6011"
"2032","116","6012"
"2033","116","6013"
"2034","116","6014"
"2035","116","6015"
"2036","116","6018"
"2037","116","6019"
"2038","116","6111"
"2039","116","6119"
"2040","116","6211"
"2041","116","6212"
"2042","116","6219"
"2043","116","6301"
"2044","116","6309"
"2045","116","6411"
"2046","116","6419"
"2047","117","6071"
"2048","117","6091"
"2049","117","6092"
"2050","117","6095"
"2051","117","610"
"2052","117","613"
"2053","117","6141"
"2054","117","6191"
"2055","117","6291"
"2056","117","6292"
"2057","117","6352"
"2058","117","636"
"2059","117","6370"
"2060","117","6371"
"2061","117","6372"
"2062","117","6373"
"2063","117","6384"
"2064","117","6391"
"2065","117","6491"
"2066","117","6494"
"2067","117","9994"
"2068","117","9995"
"2069","117","9996"
"2070","118","600"
"2071","118","6072"
"2072","118","6073"
"2073","118","6079"
"2074","118","6081"
"2075","118","6082"
"2076","118","6093"
"2077","118","6094"
"2078","118","6099"
"2079","118","612"
"2080","118","6142"
"2081","118","6149"
"2082","118","6192"
"2083","118","6199"
"2084","118","620"
"2085","118","622"
"2086","118","623"
"2087","118","6241"
"2088","118","6242"
"2089","118","625"
"2090","118","6261"
"2091","118","6269"
"2092","118","627"
"2093","118","6299"
"2094","118","631"
"2095","118","632"
"2096","118","633"
"2097","118","634"
"2098","118","6351"
"2099","118","6353"
"2100","118","6359"
"2101","118","6381"
"2102","118","6382"
"2103","118","6383"
"2104","118","6385"
"2105","118","6389"
"2106","118","6392"
"2107","118","6393"
"2108","118","6394"
"2109","118","6395"
"2110","118","6399"
"2111","118","642"
"2112","118","643"
"2113","118","6441"
"2114","118","6442"
"2115","118","6443"
"2116","118","6444"
"2117","118","6445"
"2118","118","6449"
"2119","118","645"
"2120","118","6492"
"2121","118","6493"
"2122","118","6495"
"2123","118","6496"
"2124","118","6497"
"2125","118","6498"
"2126","118","6499"
"2127","119","653"
"2128","119","6531"
"2129","119","6539"
"2130","119","654"
"2131","119","6541"
"2132","119","6549"
"2133","119","6551"
"2134","119","6552"
"2135","119","6553"
"2136","119","6554"
"2137","119","6561"
"2138","119","6562"
"2139","119","6563"
"2140","119","6564"
"2141","120","650"
"2142","120","6501"
"2143","120","6509"
"2144","120","6521"
"2145","120","6522"
"2146","120","6523"
"2147","120","6524"
"2148","120","6525"
"2149","120","6529"
"2150","120","6571"
"2151","120","6572"
"2152","120","6573"
"2153","120","6574"
"2154","120","6575"
"2155","120","6576"
"2156","120","6579"
"2157","120","658"
"2158","120","6581"
"2159","120","6589"
"2160","120","6591"
"2161","120","6592"
"2162","120","6593"
"2163","120","6594"
"2164","120","6595"
"2165","120","6599"
"2166","121","6621"
"2167","121","6622"
"2168","121","6629"
"2169","121","6631"
"2170","121","6632"
"2171","121","6639"
"2172","122","6662"
"2173","122","6911"
"2174","122","743"
"2175","123","664"
"2176","123","6651"
"2177","123","6652"
"2178","123","6661"
"2179","123","6663"
"2180","123","6669"
"2181","123","6671"
"2182","123","6672"
"2183","123","6673"
"2184","123","6674"
"2185","123","6679"
"2186","123","668"
"2187","123","6691"
"2188","123","6692"
"2189","123","6693"
"2190","123","6694"
"2191","123","6695"
"2192","123","6696"
"2193","123","6697"
"2194","123","6699"
"2195","124","683"
"2196","124","6831"
"2197","124","6839"
"2198","124","684"
"2199","124","6841"
"2200","124","6849"
"2201","124","685"
"2202","124","6851"
"2203","124","6859"
"2204","124","686"
"2205","124","6861"
"2206","124","6869"
"2207","124","687"
"2208","124","6871"
"2209","124","6879"
"2210","124","689"
"2211","125","672"
"2212","125","6731"
"2213","125","6732"
"2214","125","6733"
"2215","125","6739"
"2216","125","674"
"2217","125","6821"
"2218","125","6822"
"2219","125","6823"
"2220","125","6829"
"2221","125","6919"
"2222","126","6901"
"2223","126","6951"
"2224","126","7491"
"2225","126","750"
"2226","127","6902"
"2227","127","6952"
"2228","128","6909"
"2229","129","7050"
"2230","129","7051"
"2231","129","7052"
"2232","129","7053"
"2233","129","7054"
"2234","129","7055"
"2235","129","708"
"2236","130","6511"
"2237","130","6512"
"2238","130","6513"
"2239","130","6514"
"2240","130","6519"
"2241","130","6611"
"2242","130","6619"
"2243","130","6711"
"2244","130","6712"
"2245","130","6719"
"2246","130","6811"
"2247","130","6812"
"2248","130","6813"
"2249","130","6814"
"2250","130","6815"
"2251","130","6816"
"2252","130","6819"
"2253","130","7021"
"2254","130","7022"
"2255","130","7023"
"2256","130","7024"
"2257","130","7029"
"2258","130","7111"
"2259","130","7119"
"2260","131","670"
"2261","131","6959"
"2262","131","696"
"2263","131","697"
"2264","131","6991"
"2265","131","6992"
"2266","131","6993"
"2267","131","6994"
"2268","131","6996"
"2269","131","700"
"2270","131","7011"
"2271","131","7121"
"2272","131","9614"
"2273","131","9615"
"2274","131","9616"
"2275","131","9617"
"2276","131","9618"
"2277","131","9644"
"2278","131","9724"
"2279","131","9725"
"2280","131","9726"
"2281","131","9771"
"2282","131","9772"
"2283","131","9773"
"2284","131","9774"
"2285","131","9775"
"2286","132","660"
"2287","132","6601"
"2288","132","6602"
"2289","132","675"
"2290","132","6761"
"2291","132","6762"
"2292","132","6769"
"2293","132","680"
"2294","132","688"
"2295","132","6921"
"2296","132","6922"
"2297","132","6923"
"2298","132","6929"
"2299","132","693"
"2300","132","6941"
"2301","132","6942"
"2302","132","6949"
"2303","132","6995"
"2304","132","6997"
"2305","132","6998"
"2306","132","6999"
"2307","132","7012"
"2308","132","7013"
"2309","132","7014"
"2310","132","7031"
"2311","132","7032"
"2312","132","7033"
"2313","132","704"
"2314","132","7061"
"2315","132","7062"
"2316","132","7063"
"2317","132","7064"
"2318","132","7071"
"2319","132","7072"
"2320","132","7073"
"2321","132","7074"
"2322","132","7075"
"2323","132","7076"
"2324","132","7077"
"2325","132","7078"
"2326","132","7079"
"2327","132","7091"
"2328","132","7092"
"2329","132","7093"
"2330","132","7094"
"2331","132","7095"
"2332","132","7101"
"2333","132","7109"
"2334","132","7122"
"2335","132","7123"
"2336","132","7124"
"2337","132","7129"
"2338","132","713"
"2339","132","714"
"2340","132","715"
"2341","132","7161"
"2342","132","7162"
"2343","132","7171"
"2344","132","7172"
"2345","132","7179"
"2346","132","718"
"2347","132","719"
"2348","133","736"
"2349","134","740"
"2350","134","741"
"2351","134","742"
"2352","134","744"
"2353","134","7499"
"2354","135","720"
"2355","135","721"
"2356","135","7221"
"2357","135","7229"
"2358","135","7231"
"2359","135","7239"
"2360","135","724"
"2361","135","7251"
"2362","135","7252"
"2363","135","7253"
"2364","135","7254"
"2365","135","726"
"2366","135","7271"
"2367","135","7279"
"2368","135","728"
"2369","135","729"
"2370","135","733"
"2371","136","7301"
"2372","136","7309"
"2373","137","731"
"2374","137","7321"
"2375","137","7322"
"2376","137","734"
"2377","137","7351"
"2378","137","7359"
"2379","137","738"
"2380","137","7391"
"2381","137","7392"
"2382","137","7393"
"2383","137","7394"
"2384","137","7399"
"2385","138","751"
"2386","139","7531"
"2387","139","7532"
"2388","139","7533"
"2389","139","7534"
"2390","139","7535"
"2391","139","7538"
"2392","140","7550"
"2393","140","7551"
"2394","140","7552"
"2395","140","7561"
"2396","140","7562"
"2397","140","7569"
"2398","141","6751"
"2399","141","6759"
"2400","141","752"
"2401","141","7536"
"2402","141","7537"
"2403","141","754"
"2404","141","757"
"2405","141","758"
"2406","141","7591"
"2407","141","7592"
"2408","141","7593"
"2409","141","7594"
"2410","141","7599"
"2411","142","7601"
"2412","142","762"
"2413","142","7631"
"2414","142","7639"
"2415","142","7760"
"2416","142","7761"
"2417","142","7762"
"2418","142","7763"
"2419","142","7764"
"2420","142","7765"
"2421","142","7766"
"2422","142","7767"
"2423","142","7768"
"2424","142","7769"
"2425","142","7770"
"2426","142","7771"
"2427","142","7772"
"2428","142","7773"
"2429","142","7774"
"2430","142","7775"
"2431","142","7776"
"2432","142","7777"
"2433","142","7778"
"2434","142","7779"
"2435","142","7780"
"2436","142","7781"
"2437","142","7782"
"2438","142","7783"
"2439","142","7784"
"2440","142","7785"
"2441","142","7786"
"2442","142","7787"
"2443","142","7788"
"2444","142","7789"
"2445","143","7751"
"2446","143","7752"
"2447","143","7753"
"2448","143","7754"
"2449","143","7756"
"2450","143","7757"
"2451","143","7758"
"2452","143","7759"
"2453","144","7670"
"2454","144","7671"
"2455","144","7672"
"2456","144","7673"
"2457","144","7674"
"2458","144","7675"
"2459","144","7676"
"2460","144","7677"
"2461","144","7678"
"2462","144","7679"
"2463","144","7693"
"2464","144","7694"
"2465","144","7697"
"2466","144","7699"
"2467","145","7853"
"2468","145","7863"
"2469","145","7902"
"2470","145","7912"
"2471","145","7922"
"2472","145","7932"
"2473","145","7942"
"2474","145","7952"
"2475","145","7962"
"2476","145","7972"
"2477","145","7973"
"2478","145","7982"
"2479","145","7983"
"2480","145","7992"
"2481","146","7855"
"2482","146","7865"
"2483","146","7905"
"2484","146","7915"
"2485","146","7925"
"2486","146","7935"
"2487","146","7945"
"2488","146","7955"
"2489","146","7965"
"2490","146","7975"
"2491","146","7985"
"2492","146","7995"
"2493","147","7856"
"2494","147","7857"
"2495","147","7858"
"2496","147","7866"
"2497","147","7867"
"2498","147","7868"
"2499","147","7906"
"2500","147","7907"
"2501","147","7908"
"2502","147","7916"
"2503","147","7917"
"2504","147","7918"
"2505","147","7926"
"2506","147","7927"
"2507","147","7928"
"2508","147","7936"
"2509","147","7937"
"2510","147","7938"
"2511","147","7946"
"2512","147","7956"
"2513","147","7966"
"2514","147","7967"
"2515","147","7968"
"2516","147","7976"
"2517","147","7977"
"2518","147","7978"
"2519","147","7986"
"2520","147","7987"
"2521","147","7988"
"2522","147","7996"
"2523","147","7997"
"2524","147","7998"
"2525","148","7850"
"2526","148","7851"
"2527","148","7852"
"2528","148","7854"
"2529","148","7859"
"2530","148","7860"
"2531","148","7861"
"2532","148","7862"
"2533","148","7864"
"2534","148","7869"
"2535","148","7900"
"2536","148","7901"
"2537","148","7903"
"2538","148","7904"
"2539","148","7909"
"2540","148","7910"
"2541","148","7911"
"2542","148","7913"
"2543","148","7914"
"2544","148","7919"
"2545","148","7920"
"2546","148","7921"
"2547","148","7923"
"2548","148","7924"
"2549","148","7929"
"2550","148","7930"
"2551","148","7931"
"2552","148","7933"
"2553","148","7934"
"2554","148","7939"
"2555","148","7940"
"2556","148","7941"
"2557","148","7949"
"2558","148","7950"
"2559","148","7951"
"2560","148","7959"
"2561","148","7960"
"2562","148","7961"
"2563","148","7963"
"2564","148","7964"
"2565","148","7969"
"2566","148","7970"
"2567","148","7971"
"2568","148","7974"
"2569","148","7979"
"2570","148","7980"
"2571","148","7981"
"2572","148","7984"
"2573","148","7989"
"2574","148","7990"
"2575","148","7991"
"2576","148","7993"
"2577","148","7994"
"2578","148","7999"
"2579","148","8494"
"2580","149","8020"
"2581","149","8021"
"2582","149","8022"
"2583","149","8023"
"2584","149","8024"
"2585","149","8025"
"2586","149","8026"
"2587","149","8027"
"2588","149","8028"
"2589","149","8029"
"2590","149","8145"
"2591","150","8040"
"2592","150","8041"
"2593","150","8042"
"2594","150","8043"
"2595","150","8044"
"2596","150","8045"
"2597","150","8046"
"2598","150","8047"
"2599","150","8048"
"2600","150","8049"
"2601","151","806"
"2602","152","0080"
"2603","152","0081"
"2604","152","0082"
"2605","152","0083"
"2606","152","0084"
"2607","152","8141"
"2608","152","8142"
"2609","152","8143"
"2610","152","8144"
"2611","152","8146"
"2612","152","8147"
"2613","152","8154"
"2614","152","8155"
"2615","153","0070"
"2616","153","0071"
"2617","153","0072"
"2618","153","0073"
"2619","153","0074"
"2620","153","0075"
"2621","153","0076"
"2622","153","0077"
"2623","153","0085"
"2624","153","0086"
"2625","153","0087"
"2626","153","8151"
"2627","153","8152"
"2628","153","8153"
"2629","153","8169"
"2630","154","8148"
"2631","154","8149"
"2632","154","8156"
"2633","154","8157"
"2634","154","8159"
"2635","154","8171"
"2636","154","8172"
"2637","154","8173"
"2638","154","8174"
"2639","154","8175"
"2640","154","8179"
"2641","154","8180"
"2642","154","8181"
"2643","154","8182"
"2644","154","8183"
"2645","154","8184"
"2646","154","8185"
"2647","154","8186"
"2648","154","8187"
"2649","154","8188"
"2650","154","8197"
"2651","155","8191"
"2652","156","8292"
"2653","156","8293"
"2654","156","8294"
"2655","156","8295"
"2656","156","8296"
"2657","156","8394"
"2658","156","8395"
"2659","156","8396"
"2660","156","8397"
"2661","156","8398"
"2662","157","8410"
"2663","157","8411"
"2664","157","8412"
"2665","157","8413"
"2666","157","8414"
"2667","157","8415"
"2668","157","8416"
"2669","157","8417"
"2670","157","8418"
"2671","157","8419"
"2672","158","8100"
"2673","158","8101"
"2674","158","8102"
"2675","158","8103"
"2676","158","8104"
"2677","158","8105"
"2678","158","8106"
"2679","158","8107"
"2680","158","8108"
"2681","158","8109"
"2682","158","8130"
"2683","158","8131"
"2684","158","8132"
"2685","158","8133"
"2686","158","8134"
"2687","158","8135"
"2688","158","8136"
"2689","158","8137"
"2690","158","8138"
"2691","158","8139"
"2692","158","8161"
"2693","158","8162"
"2694","158","8163"
"2695","158","8164"
"2696","158","8451"
"2697","159","7611"
"2698","159","7619"
"2699","159","7740"
"2700","159","7741"
"2701","159","7742"
"2702","159","7743"
"2703","159","7744"
"2704","159","7745"
"2705","159","7746"
"2706","159","7747"
"2707","159","7748"
"2708","159","7749"
"2709","159","7880"
"2710","159","7881"
"2711","159","7882"
"2712","159","7883"
"2713","159","7884"
"2714","159","7885"
"2715","159","7886"
"2716","159","7887"
"2717","159","7888"
"2718","159","7889"
"2719","159","8030"
"2720","159","8031"
"2721","159","8032"
"2722","159","8033"
"2723","159","8034"
"2724","159","8035"
"2725","159","8036"
"2726","159","8037"
"2727","159","8038"
"2728","159","8039"
"2729","159","8321"
"2730","159","8329"
"2731","160","8201"
"2732","160","8202"
"2733","160","8203"
"2734","160","8204"
"2735","160","8209"
"2736","160","8211"
"2737","160","8212"
"2738","160","8219"
"2739","160","8221"
"2740","160","8222"
"2741","160","8229"
"2742","160","8231"
"2743","160","8232"
"2744","160","8233"
"2745","160","8234"
"2746","160","8235"
"2747","160","8236"
"2748","160","8239"
"2749","160","8241"
"2750","160","8242"
"2751","160","8243"
"2752","160","8244"
"2753","160","8245"
"2754","160","8246"
"2755","160","8251"
"2756","160","8252"
"2757","160","8253"
"2758","160","8254"
"2759","160","8255"
"2760","160","8256"
"2761","160","8257"
"2762","160","8258"
"2763","160","8259"
"2764","160","8261"
"2765","160","8269"
"2766","160","8271"
"2767","160","8272"
"2768","160","8279"
"2769","160","8281"
"2770","160","8282"
"2771","160","8283"
"2772","160","8284"
"2773","160","8285"
"2774","160","8286"
"2775","160","8289"
"2776","160","8291"
"2777","160","8299"
"2778","160","8301"
"2779","160","8302"
"2780","160","8303"
"2781","160","8309"
"2782","160","8311"
"2783","160","8312"
"2784","160","8313"
"2785","160","8314"
"2786","160","8319"
"2787","160","8331"
"2788","160","8332"
"2789","160","8339"
"2790","160","8341"
"2791","160","8342"
"2792","160","8343"
"2793","160","8344"
"2794","160","8345"
"2795","160","8349"
"2796","160","835"
"2797","160","8361"
"2798","160","8362"
"2799","160","8363"
"2800","160","8364"
"2801","160","8365"
"2802","160","8371"
"2803","160","8372"
"2804","160","8373"
"2805","160","8374"
"2806","160","8375"
"2807","160","8376"
"2808","160","8377"
"2809","160","8379"
"2810","160","8381"
"2811","160","8382"
"2812","160","8383"
"2813","160","8384"
"2814","160","8385"
"2815","160","8386"
"2816","160","8387"
"2817","160","8388"
"2818","160","8389"
"2819","160","8391"
"2820","160","8392"
"2821","160","8393"
"2822","160","8399"
"2823","161","7700"
"2824","161","7701"
"2825","161","7702"
"2826","161","7703"
"2827","161","7704"
"2828","161","7705"
"2829","161","7706"
"2830","161","7707"
"2831","161","7708"
"2832","161","7709"
"2833","161","7710"
"2834","161","7711"
"2835","161","7712"
"2836","161","7713"
"2837","161","7714"
"2838","161","7715"
"2839","161","7716"
"2840","161","7717"
"2841","161","7718"
"2842","161","7719"
"2843","161","7720"
"2844","161","7721"
"2845","161","7722"
"2846","161","7723"
"2847","161","7724"
"2848","161","7725"
"2849","161","7726"
"2850","161","7727"
"2851","161","7728"
"2852","161","7729"
"2853","161","7730"
"2854","161","7731"
"2855","161","7732"
"2856","161","7733"
"2857","161","7734"
"2858","161","7735"
"2859","161","7736"
"2860","161","7737"
"2861","161","7738"
"2862","161","7739"
"2863","161","7790"
"2864","161","7791"
"2865","161","7792"
"2866","161","7793"
"2867","161","7794"
"2868","161","7795"
"2869","161","7796"
"2870","161","7797"
"2871","161","7798"
"2872","161","7799"
"2873","161","7800"
"2874","161","7801"
"2875","161","7802"
"2876","161","7803"
"2877","161","7804"
"2878","161","7805"
"2879","161","7806"
"2880","161","7807"
"2881","161","7808"
"2882","161","7809"
"2883","161","7810"
"2884","161","7811"
"2885","161","7812"
"2886","161","7813"
"2887","161","7814"
"2888","161","7815"
"2889","161","7816"
"2890","161","7817"
"2891","161","7818"
"2892","161","7819"
"2893","161","7820"
"2894","161","7822"
"2895","161","7823"
"2896","161","7824"
"2897","161","7825"
"2898","161","7827"
"2899","161","7828"
"2900","161","7829"
"2901","161","7830"
"2902","161","7831"
"2903","161","7832"
"2904","161","7833"
"2905","161","7834"
"2906","161","7835"
"2907","161","7837"
"2908","161","7838"
"2909","161","7839"
"2910","161","7840"
"2911","161","7841"
"2912","161","7842"
"2913","161","7843"
"2914","161","7844"
"2915","161","7845"
"2916","161","7846"
"2917","161","7847"
"2918","161","7848"
"2919","161","7849"
"2920","161","7870"
"2921","161","7871"
"2922","161","7872"
"2923","161","7873"
"2924","161","7874"
"2925","161","7875"
"2926","161","7876"
"2927","161","7877"
"2928","161","7878"
"2929","161","7879"
"2930","161","7890"
"2931","161","7891"
"2932","161","7892"
"2933","161","7893"
"2934","161","7894"
"2935","161","7895"
"2936","161","7896"
"2937","161","7897"
"2938","161","7898"
"2939","161","7899"
"2940","161","8165"
"2941","161","8166"
"2942","161","8471"
"2943","161","8472"
"2944","161","8473"
"2945","162","8000"
"2946","162","8001"
"2947","162","8002"
"2948","162","8003"
"2949","162","8004"
"2950","162","8005"
"2951","162","8006"
"2952","162","8007"
"2953","162","8008"
"2954","162","8009"
"2955","162","8010"
"2956","162","8011"
"2957","162","8012"
"2958","162","8013"
"2959","162","8014"
"2960","162","8015"
"2961","162","8016"
"2962","162","8017"
"2963","162","8018"
"2964","162","8019"
"2965","162","8052"
"2966","162","8070"
"2967","162","8071"
"2968","162","8072"
"2969","162","8073"
"2970","162","8074"
"2971","162","8075"
"2972","162","8076"
"2973","162","8077"
"2974","162","8078"
"2975","162","8079"
"2976","162","8080"
"2977","162","8081"
"2978","162","8082"
"2979","162","8083"
"2980","162","8084"
"2981","162","8085"
"2982","162","8086"
"2983","162","8087"
"2984","162","8088"
"2985","162","8089"
"2986","162","8090"
"2987","162","8091"
"2988","162","8092"
"2989","162","8093"
"2990","162","8094"
"2991","162","8095"
"2992","162","8096"
"2993","162","8097"
"2994","162","8098"
"2995","162","8099"
"2996","162","8111"
"2997","162","8112"
"2998","162","8113"
"2999","162","8114"
"3000","162","8115"
"3001","162","8116"
"3002","162","8117"
"3003","162","8118"
"3004","162","8120"
"3005","162","8121"
"3006","162","8122"
"3007","162","8123"
"3008","162","8124"
"3009","162","8125"
"3010","162","8126"
"3011","162","8127"
"3012","162","8128"
"3013","162","8129"
"3014","162","8140"
"3015","162","8193"
"3016","162","8194"
"3017","162","8195"
"3018","162","8196"
"3019","162","8198"
"3020","162","8199"
"3021","163","7695"
"3022","163","7696"
"3023","163","8192"
"3024","163","8441"
"3025","163","8442"
"3026","163","8443"
"3027","163","8445"
"3028","163","8446"
"3029","163","8447"
"3030","163","8452"
"3031","163","8453"
"3032","163","8454"
"3033","163","8455"
"3034","163","8456"
"3035","163","8457"
"3036","163","9711"
"3037","163","9712"
"3038","163","9713"
"3039","163","9714"
"3040","163","9736"
"3041","163","9788"
"3042","164","7609"
"3043","164","7641"
"3044","164","7642"
"3045","164","7643"
"3046","164","7644"
"3047","164","7645"
"3048","164","7646"
"3049","164","765"
"3050","164","7661"
"3051","164","7662"
"3052","164","7663"
"3053","164","7664"
"3054","164","7665"
"3055","164","7666"
"3056","164","7667"
"3057","164","7668"
"3058","164","7669"
"3059","164","7691"
"3060","164","7692"
"3061","164","8400"
"3062","164","8401"
"3063","164","8402"
"3064","164","8403"
"3065","164","8404"
"3066","164","8405"
"3067","164","8406"
"3068","164","8407"
"3069","164","8408"
"3070","164","8409"
"3071","164","8421"
"3072","164","8422"
"3073","164","8423"
"3074","164","8424"
"3075","164","8425"
"3076","164","8426"
"3077","164","8427"
"3078","164","8428"
"3079","164","8429"
"3080","164","843"
"3081","164","8440"
"3082","164","8444"
"3083","164","8448"
"3084","164","8491"
"3085","164","8492"
"3086","164","8493"
"3087","164","8499"
"3088","165","8511"
"3089","165","8512"
"3090","165","8519"
"3091","166","8520"
"3092","166","8521"
"3093","166","8522"
"3094","166","8523"
"3095","167","8541"
"3096","167","8542"
"3097","167","8543"
"3098","167","8544"
"3099","167","8545"
"3100","167","8546"
"3101","167","8547"
"3102","167","8548"
"3103","168","8604"
"3104","169","8622"
"3105","169","8628"
"3106","170","863"
"3107","170","864"
"3108","171","8651"
"3109","171","8659"
"3110","172","8660"
"3111","172","8661"
"3112","172","8662"
"3113","172","8663"
"3114","172","8664"
"3115","172","8665"
"3116","172","8666"
"3117","172","8667"
"3118","172","8669"
"3119","172","8670"
"3120","172","8671"
"3121","172","8672"
"3122","172","8673"
"3123","172","8674"
"3124","172","8675"
"3125","173","8611"
"3126","173","8619"
"3127","174","850"
"3128","174","8551"
"3129","174","8552"
"3130","174","8581"
"3131","174","8591"
"3132","174","8592"
"3133","174","8601"
"3134","174","8602"
"3135","174","8603"
"3136","174","8605"
"3137","174","8607"
"3138","174","8609"
"3139","174","8623"
"3140","174","8624"
"3141","174","8626"
"3142","174","8627"
"3143","174","8692"
"3144","174","8699"
"3145","175","8524"
"3146","175","8525"
"3147","175","8531"
"3148","175","8532"
"3149","175","8533"
"3150","175","8534"
"3151","175","8535"
"3152","175","8536"
"3153","175","8550"
"3154","175","8553"
"3155","175","8554"
"3156","175","8555"
"3157","175","856"
"3158","175","857"
"3159","175","8570"
"3160","175","8571"
"3161","175","8572"
"3162","175","8573"
"3163","175","8574"
"3164","175","8575"
"3165","175","8576"
"3166","175","8579"
"3167","175","8582"
"3168","175","8583"
"3169","175","8584"
"3170","175","8585"
"3171","175","8586"
"3172","175","8587"
"3173","175","8589"
"3174","175","8593"
"3175","175","8594"
"3176","175","8595"
"3177","175","8596"
"3178","175","8599"
"3179","175","8606"
"3180","175","8621"
"3181","175","8625"
"3182","175","8681"
"3183","175","8682"
"3184","175","8683"
"3185","175","8684"
"3186","175","8685"
"3187","175","8686"
"3188","175","8687"
"3189","175","8689"
"3190","175","8690"
"3191","175","8691"
"3192","175","8693"
"3193","176","335"
"3194","176","3350"
"3195","176","3351"
"3196","176","3352"
"3197","176","336"
"3198","176","375"
"3199","176","3751"
"3200","176","4194"
"3201","176","4697"
"3202","176","5051"
"3203","176","5059"
"3204","176","5280"
"3205","176","5281"
"3206","176","5282"
"3207","176","5283"
"3208","176","5284"
"3209","176","5285"
"3210","176","5286"
"3211","177","8703"
"3212","178","8741"
"3213","179","8801"
"3214","180","0031"
"3215","180","8771"
"3216","180","8838"
"3217","181","8721"
"3218","182","8736"
"3219","182","8737"
"3220","183","8744"
"3221","184","8753"
"3222","185","8761"
"3223","185","8762"
"3224","186","8764"
"3225","187","8773"
"3226","188","8841"
"3227","189","8842"
"3228","190","8848"
"3229","191","8840"
"3230","191","8843"
"3231","191","8844"
"3232","191","8845"
"3233","191","8846"
"3234","191","8847"
"3235","191","8849"
"3236","191","8850"
"3237","191","8851"
"3238","191","8858"
"3239","191","8860"
"3240","191","8861"
"3241","191","8862"
"3242","191","8863"
"3243","191","8864"
"3244","191","8865"
"3245","191","8866"
"3246","191","8867"
"3247","191","8868"
"3248","192","0021"
"3249","192","8871"
"3250","193","0024"
"3251","193","8872"
"3252","194","8874"
"3253","195","0025"
"3254","195","8875"
"3255","196","8876"
"3256","197","0022"
"3257","197","0023"
"3258","197","0028"
"3259","197","0029"
"3260","197","8873"
"3261","197","8877"
"3262","197","8878"
"3263","197","8879"
"3264","198","0032"
"3265","198","8891"
"3266","198","8892"
"3267","198","8893"
"3268","198","8894"
"3269","198","8895"
"3270","198","8896"
"3271","198","8897"
"3272","198","8899"
"3273","199","8914"
"3274","200","8929"
"3275","201","8941"
"3276","201","8942"
"3277","201","8943"
"3278","201","8944"
"3279","202","8951"
"3280","202","8952"
"3281","203","8954"
"3282","204","8964"
"3283","205","8960"
"3284","205","8965"
"3285","206","9001"
"3286","206","9002"
"3287","206","9003"
"3288","206","9004"
"3289","206","9005"
"3290","206","9006"
"3291","206","9009"
"3292","206","9011"
"3293","206","9012"
"3294","206","9013"
"3295","206","9014"
"3296","206","9015"
"3297","206","9016"
"3298","206","9019"
"3299","206","9021"
"3300","206","9022"
"3301","206","9023"
"3302","206","9024"
"3303","206","9025"
"3304","206","9026"
"3305","206","9029"
"3306","206","9031"
"3307","206","9032"
"3308","206","9033"
"3309","206","9034"
"3310","206","9035"
"3311","206","9036"
"3312","206","9039"
"3313","206","9041"
"3314","206","9042"
"3315","206","9043"
"3316","206","9044"
"3317","206","9045"
"3318","206","9046"
"3319","206","9049"
"3320","206","9051"
"3321","206","9052"
"3322","206","9053"
"3323","206","9054"
"3324","206","9055"
"3325","206","9056"
"3326","206","9059"
"3327","206","9061"
"3328","206","9062"
"3329","206","9063"
"3330","206","9064"
"3331","206","9065"
"3332","206","9066"
"3333","206","9069"
"3334","206","9071"
"3335","206","9072"
"3336","206","9073"
"3337","206","9074"
"3338","206","9075"
"3339","206","9076"
"3340","206","9079"
"3341","206","9081"
"3342","206","9082"
"3343","206","9083"
"3344","206","9084"
"3345","206","9085"
"3346","206","9086"
"3347","206","9089"
"3348","206","9091"
"3349","206","9092"
"3350","206","9093"
"3351","206","9094"
"3352","206","9095"
"3353","206","9096"
"3354","206","9099"
"3355","206","9101"
"3356","206","9102"
"3357","206","9103"
"3358","206","9104"
"3359","206","9105"
"3360","206","9106"
"3361","206","9109"
"3362","206","9111"
"3363","206","9112"
"3364","206","9113"
"3365","206","9114"
"3366","206","9115"
"3367","206","9116"
"3368","206","9119"
"3369","206","9121"
"3370","206","9122"
"3371","206","9123"
"3372","206","9124"
"3373","206","9125"
"3374","206","9126"
"3375","206","9129"
"3376","206","9131"
"3377","206","9132"
"3378","206","9133"
"3379","206","9134"
"3380","206","9135"
"3381","206","9136"
"3382","206","9139"
"3383","206","9141"
"3384","206","9142"
"3385","206","9143"
"3386","206","9144"
"3387","206","9145"
"3388","206","9146"
"3389","206","9149"
"3390","206","9151"
"3391","206","9152"
"3392","206","9153"
"3393","206","9154"
"3394","206","9155"
"3395","206","9156"
"3396","206","9159"
"3397","206","9161"
"3398","206","9162"
"3399","206","9163"
"3400","206","9164"
"3401","206","9165"
"3402","206","9166"
"3403","206","9169"
"3404","206","9171"
"3405","206","9172"
"3406","206","9173"
"3407","206","9174"
"3408","206","9175"
"3409","206","9176"
"3410","206","9179"
"3411","206","9181"
"3412","206","9182"
"3413","206","9183"
"3414","206","9184"
"3415","206","9185"
"3416","206","9186"
"3417","206","9189"
"3418","206","9191"
"3419","206","9192"
"3420","206","9193"
"3421","206","9194"
"3422","206","9195"
"3423","206","9196"
"3424","206","9199"
"3425","207","9214"
"3426","208","9215"
"3427","209","9201"
"3428","209","9202"
"3429","209","9203"
"3430","209","9204"
"3431","209","9205"
"3432","209","9209"
"3433","210","9211"
"3434","210","9212"
"3435","210","9213"
"3436","210","9216"
"3437","210","9217"
"3438","210","9218"
"3439","210","9219"
"3440","211","9220"
"3441","211","9221"
"3442","211","9222"
"3443","211","2113"
"3444","211","9224"
"3445","211","9225"
"3446","211","9226"
"3447","211","9227"
"3448","211","9228"
"3449","211","9229"
"3450","211","9241"
"3451","212","9301"
"3452","212","9302"
"3453","212","9303"
"3454","212","9304"
"3455","212","9305"
"3456","212","9306"
"3457","212","9307"
"3458","212","9308"
"3459","212","9309"
"3460","213","9311"
"3461","213","9312"
"3462","213","9313"
"3463","213","9314"
"3464","213","9315"
"3465","213","9316"
"3466","213","9317"
"3467","213","9318"
"3468","213","9319"
"3469","213","9321"
"3470","213","9322"
"3471","213","9323"
"3472","213","9324"
"3473","213","9325"
"3474","213","9326"
"3475","213","9327"
"3476","213","9328"
"3477","213","9329"
"3478","213","9331"
"3479","213","9332"
"3480","213","9333"
"3481","213","9334"
"3482","213","9335"
"3483","213","9336"
"3484","213","9337"
"3485","213","9338"
"3486","213","9339"
"3487","214","9341"
"3488","214","9342"
"3489","214","9343"
"3490","214","9344"
"3491","214","9345"
"3492","214","9346"
"3493","214","9351"
"3494","214","9352"
"3495","214","9353"
"3496","214","9354"
"3497","214","9355"
"3498","214","9356"
"3499","214","9357"
"3500","214","9358"
"3501","214","9359"
"3502","215","9361"
"3503","215","9362"
"3504","215","9363"
"3505","215","9364"
"3506","215","9365"
"3507","215","9366"
"3508","215","9367"
"3509","215","9371"
"3510","215","9372"
"3511","215","9373"
"3512","215","9374"
"3513","215","9375"
"3514","215","9376"
"3515","215","9377"
"3516","215","9378"
"3517","215","9381"
"3518","215","9382"
"3519","215","9383"
"3520","215","9384"
"3521","215","9385"
"3522","215","9389"
"3523","216","9390"
"3524","216","9392"
"3525","216","9601"
"3526","216","9602"
"3527","216","9603"
"3528","216","9604"
"3529","216","9605"
"3530","216","9670"
"3531","216","9671"
"3532","216","9672"
"3533","217","9391"
"3534","217","9394"
"3535","217","9396"
"3536","217","9399"
"3537","218","9401"
"3538","218","9402"
"3539","218","9403"
"3540","218","9408"
"3541","218","9409"
"3542","218","9411"
"3543","218","9412"
"3544","218","9413"
"3545","218","9419"
"3546","218","9421"
"3547","218","9422"
"3548","218","9423"
"3549","218","9424"
"3550","218","9425"
"3551","218","9426"
"3552","218","9427"
"3553","218","9429"
"3554","218","9431"
"3555","218","9432"
"3556","218","9433"
"3557","218","9434"
"3558","218","9435"
"3559","218","9436"
"3560","218","9437"
"3561","218","9438"
"3562","218","9439"
"3563","218","9441"
"3564","218","9442"
"3565","218","9443"
"3566","218","9444"
"3567","218","9445"
"3568","218","9446"
"3569","218","9449"
"3570","218","9451"
"3571","218","9452"
"3572","218","9453"
"3573","218","9454"
"3574","218","9455"
"3575","218","9459"
"3576","219","9461"
"3577","219","9462"
"3578","219","9463"
"3579","219","9464"
"3580","219","9465"
"3581","219","9466"
"3582","219","9467"
"3583","219","9468"
"3584","219","9469"
"3585","220","9501"
"3586","220","9502"
"3587","220","9503"
"3588","220","9504"
"3589","220","9505"
"3590","220","9506"
"3591","220","9507"
"3592","220","9509"
"3593","220","9511"
"3594","220","9512"
"3595","220","9513"
"3596","220","9514"
"3597","220","9515"
"3598","220","9516"
"3599","220","9521"
"3600","220","9522"
"3601","220","9523"
"3602","220","9524"
"3603","220","9525"
"3604","220","9526"
"3605","220","9531"
"3606","220","9532"
"3607","220","9533"
"3608","220","9534"
"3609","220","9535"
"3610","220","9536"
"3611","220","9541"
"3612","220","9542"
"3613","220","9543"
"3614","220","9544"
"3615","220","9545"
"3616","220","9546"
"3617","220","9547"
"3618","220","9548"
"3619","220","9549"
"3620","221","9607"
"3621","222","9900"
"3622","222","9901"
"3623","222","9902"
"3624","222","9903"
"3625","222","9904"
"3626","222","9905"
"3627","222","9906"
"3628","222","9907"
"3629","222","9908"
"3630","222","9909"
"3631","223","966"
"3632","223","9915"
"3633","224","0010"
"3634","224","0015"
"3635","224","1770"
"3636","224","9925"
"3637","224","9928"
"3638","225","9960"
"3639","225","9961"
"3640","225","9962"
"3641","225","9963"
"3642","225","9964"
"3643","225","9969"
"3644","226","0033"
"3645","226","0034"
"3646","226","0035"
"3647","226","0039"
"3648","226","3823"
"3649","226","3824"
"3650","226","3825"
"3651","226","8701"
"3652","226","8702"
"3653","226","8704"
"3654","226","8705"
"3655","226","8706"
"3656","226","8707"
"3657","226","8708"
"3658","226","8709"
"3659","226","8711"
"3660","226","8712"
"3661","226","8713"
"3662","226","8714"
"3663","226","8715"
"3664","226","8716"
"3665","226","8717"
"3666","226","8722"
"3667","226","8723"
"3668","226","8724"
"3669","226","8729"
"3670","226","8731"
"3671","226","8732"
"3672","226","8733"
"3673","226","8734"
"3674","226","8735"
"3675","226","8738"
"3676","226","8739"
"3677","226","8742"
"3678","226","8743"
"3679","226","8749"
"3680","226","8751"
"3681","226","8752"
"3682","226","8754"
"3683","226","8759"
"3684","226","8763"
"3685","226","8765"
"3686","226","8766"
"3687","226","8769"
"3688","226","8772"
"3689","226","8774"
"3690","226","8775"
"3691","226","8776"
"3692","226","8777"
"3693","226","8778"
"3694","226","8779"
"3695","226","8781"
"3696","226","8782"
"3697","226","8783"
"3698","226","8784"
"3699","226","8785"
"3700","226","8789"
"3701","226","8791"
"3702","226","8792"
"3703","226","8793"
"3704","226","8794"
"3705","226","8795"
"3706","226","8799"
"3707","226","8802"
"3708","226","8803"
"3709","226","8804"
"3710","226","8809"
"3711","226","8811"
"3712","226","8812"
"3713","226","8813"
"3714","226","8814"
"3715","226","8815"
"3716","226","8816"
"3717","226","8819"
"3718","226","8821"
"3719","226","8822"
"3720","226","8823"
"3721","226","8824"
"3722","226","8825"
"3723","226","8826"
"3724","226","8827"
"3725","226","8828"
"3726","226","8829"
"3727","226","8831"
"3728","226","8832"
"3729","226","8833"
"3730","226","8834"
"3731","226","8835"
"3732","226","8836"
"3733","226","8837"
"3734","226","8839"
"3735","226","8859"
"3736","226","8881"
"3737","226","8882"
"3738","226","8883"
"3739","226","8884"
"3740","226","8885"
"3741","226","8886"
"3742","226","8889"
"3743","226","8890"
"3744","226","8898"
"3745","227","0058"
"3746","227","0059"
"3747","227","0067"
"3748","227","0068"
"3749","227","0069"
"3750","227","8901"
"3751","227","8902"
"3752","227","8903"
"3753","227","8904"
"3754","227","8905"
"3755","227","8906"
"3756","227","8907"
"3757","227","8908"
"3758","227","8909"
"3759","227","8910"
"3760","227","8911"
"3761","227","8912"
"3762","227","8913"
"3763","227","8915"
"3764","227","8916"
"3765","227","8917"
"3766","227","8918"
"3767","227","8919"
"3768","227","8921"
"3769","227","8922"
"3770","227","8923"
"3771","227","8924"
"3772","227","8925"
"3773","227","8926"
"3774","227","8931"
"3775","227","8932"
"3776","227","8933"
"3777","227","8934"
"3778","227","8935"
"3779","227","8936"
"3780","227","8937"
"3781","227","8938"
"3782","227","8939"
"3783","227","8945"
"3784","227","8946"
"3785","227","8947"
"3786","227","8948"
"3787","227","8949"
"3788","227","8950"
"3789","227","8953"
"3790","227","8955"
"3791","227","8956"
"3792","227","8957"
"3793","227","8958"
"3794","227","8959"
"3795","227","8961"
"3796","227","8962"
"3797","227","8963"
"3798","227","8966"
"3799","227","8967"
"3800","227","8968"
"3801","227","8969"
"3802","227","897"
"3803","227","898"
"3804","228","9931"
"3805","228","9932"
"3806","228","9933"
"3807","228","9934"
"3808","228","9935"
"3809","228","9936"
"3810","228","9937"
"3811","228","9938"
"3812","228","9939"
"3813","228","9941"
"3814","228","9942"
"3815","228","9943"
"3816","228","9944"
"3817","228","9945"
"3818","228","9946"
"3819","228","9947"
"3820","228","9948"
"3821","228","9951"
"3822","228","9952"
"3823","228","9953"
"3824","228","9954"
"3825","228","9955"
"3826","228","9956"
"3827","228","9957"
"3828","228","9958"
"3829","228","9959"
"3830","229","9801"
"3831","229","9802"
"3832","229","9803"
"3833","229","9804"
"3834","229","9805"
"3835","229","9811"
"3836","229","9812"
"3837","229","9813"
"3838","229","9814"
"3839","229","9815"
"3840","229","9816"
"3841","229","9817"
"3842","229","9818"
"3843","229","9819"
"3844","229","9820"
"3845","229","9821"
"3846","229","9822"
"3847","229","9823"
"3848","229","9824"
"3849","229","9825"
"3850","229","9826"
"3851","229","9827"
"3852","229","9828"
"3853","229","9829"
"3854","230","9852"
"3855","230","9859"
"3856","231","0001"
"3857","231","0002"
"3858","231","0003"
"3859","231","0009"
"3860","231","0011"
"3861","231","0012"
"3862","231","0013"
"3863","231","0014"
"3864","231","0016"
"3865","231","0017"
"3866","231","0018"
"3867","231","0019"
"3868","231","0091"
"3869","231","0092"
"3870","231","0093"
"3871","231","0094"
"3872","231","0095"
"3873","231","0096"
"3874","231","0110"
"3875","231","0116"
"3876","231","0117"
"3877","231","1741"
"3878","231","1742"
"3879","231","1743"
"3880","231","1744"
"3881","231","1745"
"3882","231","1749"
"3883","231","1762"
"3884","231","1769"
"3885","231","1781"
"3886","231","3898"
"3887","231","3899"
"3888","231","923"
"3889","231","9230"
"3890","231","9231"
"3891","231","9232"
"3892","231","9233"
"3893","231","9239"
"3894","231","9393"
"3895","231","9395"
"3896","231","9397"
"3897","231","9398"
"3898","231","9657"
"3899","231","9658"
"3900","231","9659"
"3901","231","9715"
"3902","231","9716"
"3903","231","9729"
"3904","231","9738"
"3905","231","9739"
"3906","231","9779"
"3907","231","9781"
"3908","231","9783"
"3909","231","9784"
"3910","231","9785"
"3911","231","9787"
"3912","231","9789"
"3913","231","9910"
"3914","231","9911"
"3915","231","9912"
"3916","231","9913"
"3917","231","9914"
"3918","231","9916"
"3919","231","9917"
"3920","231","9918"
"3921","231","9919"
"3922","231","9920"
"3923","231","9921"
"3924","231","9922"
"3925","231","9923"
"3926","231","9924"
"3927","231","9926"
"3928","231","9927"
"3929","231","9929"
"3930","231","9971"
"3931","231","9972"
"3932","231","9973"
"3933","231","9974"
"3934","231","9975"
"3935","231","9976"
"3936","231","9977"
"3937","231","9978"
"3938","231","9979"
"3939","231","9981"
"3940","231","9982"
"3941","231","9983"
"3942","231","9984"
"3943","231","9985"
"3944","231","9986"
"3945","231","9988"
"3946","231","9991"
"3947","231","9992"
"3948","231","9998"
"3949","231","9999"
"3950","211","9223"
